table,experiment_id,status,architecture,dataset,time_steps,target,method,clean_top1,injected_top1,drop_top1,acc5,local_mse,local_cosine,logit_kl,logit_mse,hit_rate,fallback_rate,spike_sparsity,supported_entries,memory_kib,trainable_params,source,role
main,qkf_c10_t1_current_alpha0,completed_preliminary,QKFormer,CIFAR-10,1,stage1.0.tssa,clean_hook_passthrough,94.6289,94.6289,0.0000,,0.062007,0.741607,0.000000,0.000000,1.0000,0.0000,0.906544,2048,8.0,0,results/qkformer_current_unit_probe_20260617_125153_valid/summary.csv,clean current-hook sanity
main,qkf_c10_t1_current_static,completed_preliminary,QKFormer,CIFAR-10,1,stage1.0.tssa,static_aligned_lut_hard,94.6289,93.8965,0.7324,,0.062007,0.741607,0.065194,0.143005,1.0000,0.0000,0.906544,2048,8.0,0,results/qkformer_current_unit_probe_20260617_125153_valid/summary.csv,static LUT baseline
main,qkf_c10_t1_current_moment,completed_preliminary,QKFormer,CIFAR-10,1,stage1.0.tssa,moment_matched_lut_hard,94.6289,94.5801,0.0488,,0.047945,0.825862,0.045614,0.096126,1.0000,0.0000,0.906544,2048,8.0,0,results/qkformer_current_unit_probe_20260617_125153_valid/summary.csv,QKFormer near-lossless motivation
main,spik_c10_t4_boundary,completed_boundary,Spikformer-4-384w,CIFAR-10,4,SSA current,current_learned_temporal_channel_gate_hard,88.1600,76.2800,11.8800,,,,,,,,,,,3088,results/spikformer_boundary_result_20260617/summary.csv,T>1 temporal-channel mismatch boundary
main,qkf_c100_t1_clean,completed,QKFormer,CIFAR-100,1,stage1.0.tssa,qkformer_current_alpha_0,77.7800,77.7800,0.0000,,0.054271,0.755404,0.000000,0.000000,1.0000,0.0000,0.907227,2048,8.0,0,results/tcslu_qkf_c100_t1_full_20260618_104451/summary.csv,completed full-validation clean hook
main,qkf_c100_t1_static,completed,QKFormer,CIFAR-100,1,stage1.0.tssa,qkformer_current_static_aligned_lut_hard,77.7800,75.5500,2.2300,,0.054271,0.755404,0.234280,0.263127,1.0000,0.0000,0.907227,2048,8.0,0,results/tcslu_qkf_c100_t1_full_20260618_104451/summary.csv,completed full-validation static LUT
main,qkf_c100_t1_moment,completed,QKFormer,CIFAR-100,1,stage1.0.tssa,qkformer_current_moment_matched_lut_hard,77.7800,77.2600,0.5200,,0.040099,0.840764,0.183581,0.195945,1.0000,0.0000,0.907227,2048,8.0,0,results/tcslu_qkf_c100_t1_full_20260618_104451/summary.csv,completed full-validation moment LUT
main,qkf_c100_t1_temporal,completed,QKFormer,CIFAR-100,1,stage1.0.tssa,qkformer_current_temporal_matched_lut_hard,77.7800,63.8500,13.9300,,0.380546,0.733237,0.579034,0.653266,1.0000,0.0000,0.907227,2048,8.0,0,results/tcslu_qkf_c100_t1_full_20260618_104451/summary.csv,completed full-validation temporal-only LUT
main,qkf_c100_t1_channel,completed,QKFormer,CIFAR-100,1,stage1.0.tssa,qkformer_current_channel_matched_lut_hard,77.7800,77.2600,0.5200,,0.040099,0.840764,0.183581,0.195945,1.0000,0.0000,0.907227,2048,8.0,0,results/tcslu_qkf_c100_t1_full_20260618_104451/summary.csv,completed full-validation channel LUT
main,qkf_c100_t1_tcslu,completed,QKFormer,CIFAR-100,1,stage1.0.tssa,qkformer_current_tcslu_moment_temporal_channel_backoff_hard,77.7800,77.2600,0.5200,,0.040099,0.840764,0.183581,0.195945,1.0000,0.0000,0.907227,2048,8.0,0,results/tcslu_qkf_c100_t1_full_20260618_104451/summary.csv,completed full-validation TCSLU
main,qkf_c100_t4_clean,completed,QKFormer,CIFAR-100,4,stage1.0.tssa,qkformer_current_alpha_0,81.0900,81.0900,0.0000,,0.033518,0.836147,0.000000,0.000000,1.0000,0.0000,0.930798,2048,8.0,0,results/tcslu_qkf_c100_t4_full_20260618_104512/summary.csv,completed full-validation clean hook
main,qkf_c100_t4_static,completed,QKFormer,CIFAR-100,4,stage1.0.tssa,qkformer_current_static_aligned_lut_hard,81.0900,68.0200,13.0700,,0.033518,0.836147,0.418831,0.585462,1.0000,0.0000,0.930798,2048,8.0,0,results/tcslu_qkf_c100_t4_full_20260618_104512/summary.csv,completed full-validation static LUT
main,qkf_c100_t4_moment,completed,QKFormer,CIFAR-100,4,stage1.0.tssa,qkformer_current_moment_matched_lut_hard,81.0900,80.6500,0.4400,,0.014533,0.934874,0.101561,0.118868,1.0000,0.0000,0.930798,2048,8.0,0,results/tcslu_qkf_c100_t4_full_20260618_104512/summary.csv,completed full-validation moment LUT
main,qkf_c100_t4_temporal,completed,QKFormer,CIFAR-100,4,stage1.0.tssa,qkformer_current_temporal_matched_lut_hard,81.0900,46.9700,34.1200,,0.523119,0.834882,1.039636,1.081966,1.0000,0.0000,0.930798,2048,8.0,0,results/tcslu_qkf_c100_t4_full_20260618_104512/summary.csv,completed full-validation temporal-only LUT
main,qkf_c100_t4_channel,completed,QKFormer,CIFAR-100,4,stage1.0.tssa,qkformer_current_channel_matched_lut_hard,81.0900,80.1500,0.9400,,0.014573,0.934627,0.101431,0.119834,1.0000,0.0000,0.930798,2048,8.0,0,results/tcslu_qkf_c100_t4_full_20260618_104512/summary.csv,completed full-validation channel LUT
main,qkf_c100_t4_tcslu,completed,QKFormer,CIFAR-100,4,stage1.0.tssa,qkformer_current_tcslu_moment_temporal_channel_backoff_hard,81.0900,80.6500,0.4400,,0.014533,0.934874,0.101561,0.118868,1.0000,0.0000,0.930798,2048,8.0,0,results/tcslu_qkf_c100_t4_full_20260618_104512/summary.csv,completed full-validation TCSLU
main,spik_c10_t4_clean,completed,Spikformer-4-384w,CIFAR-10,4,SSA current,current_alpha_0,88.1600,88.1600,0.0000,,0.084801,0.262313,0.000000,0.000000,0.999988,0.000012,,,362.6172,0,results/tcslu_spik_c10_t4_boundary_rerun_20260618_105951/summary.csv,completed full-validation clean hook
main,spik_c10_t4_static,completed,Spikformer-4-384w,CIFAR-10,4,SSA current,current_alpha_1,88.1600,66.4700,21.6900,,0.116478,0.289581,0.852823,14.900974,0.999980,0.000020,,,362.6172,0,results/tcslu_spik_c10_t4_boundary_rerun_20260618_105951/summary.csv,completed full-validation static LUT
main,spik_c10_t4_moment,completed,Spikformer-4-384w,CIFAR-10,4,SSA current,current_moment_matched_hard,88.1600,71.8800,16.2800,,0.124096,0.287949,0.646973,17.414938,0.999991,0.000009,,,362.6172,0,results/tcslu_spik_c10_t4_boundary_rerun_20260618_105951/summary.csv,completed full-validation moment LUT
main,spik_c10_t4_static_temporal,completed,Spikformer-4-384w,CIFAR-10,4,SSA current,current_static_temporal_gate_hard,88.1600,62.1500,26.0100,,0.132464,0.264625,1.091634,14.202572,0.999971,0.000029,,,362.7617,0,results/tcslu_spik_c10_t4_boundary_rerun_20260618_105951/summary.csv,completed full-validation static temporal gate
main,spik_c10_t4_learned_temporal,completed,Spikformer-4-384w,CIFAR-10,4,SSA current,current_learned_temporal_gate_hard,88.1600,71.3600,16.8000,,0.110400,0.282744,0.656783,17.395001,0.999998,0.000002,,,362.0859,16,results/tcslu_spik_c10_t4_boundary_rerun_20260618_105951/summary.csv,completed full-validation learned temporal gate
main,spik_c10_t4_learned_temporal_channel,completed,Spikformer-4-384w,CIFAR-10,4,SSA current,current_learned_temporal_channel_gate_hard,88.1600,76.3500,11.8100,,0.118625,0.193645,0.540707,18.239785,0.999995,0.000005,,,361.8984,3088,results/tcslu_spik_c10_t4_boundary_rerun_20260618_105951/summary.csv,completed full-validation learned temporal+channel gate
