table,experiment_id,status,architecture,dataset,time_steps,target,method_family,methods,calibration_budget,evaluation_budget,primary_metric,matched_controls,success_gate,runner,claim_unlocked
main,qkf_c100_t1_current,planned,QKFormer,CIFAR-100,1,stage1.0.tssa,current replacement,"static;moment;temporal_gate;channel_gate;TCSLU",128 train batches,full validation,Acc@1 drop + local MSE + logit KL,"shuffled_address;token_channel_mean;global_mean",TCSLU drop <= moment drop and aligned beats shuffled/token controls,tools/qkformer_lut_current_unit_probe.py,QKFormer CIFAR-100 current fidelity
main,qkf_c100_t4_current,planned,QKFormer,CIFAR-100,4,stage1.0.tssa,current replacement,"static;moment;temporal_gate;channel_gate;TCSLU",128 train batches,full validation,Acc@1 drop + spike-rate drift,"shuffled_address;token_channel_mean;global_mean",TCSLU reduces drop vs static and moment LUT,tools/qkformer_lut_current_unit_probe.py,T-step dynamic-contract evidence
main,spik_c10_t4_tcslu,planned,Spikformer-4-384w,CIFAR-10,4,SSA current,current replacement,"static;moment;temporal_gate;channel_gate;TCSLU",128 train batches,full validation,Acc@1 drop + BN/LIF shift,"shuffled_address;token_channel_mean;global_mean",TCSLU materially improves over retained 76.28% injected boundary,tools/run_spikformer_current_injection_diagnostic.py,temporal-channel mismatch recovery
ablation,tcslu_component_qkf_c100,planned,QKFormer,CIFAR-100,1,stage1.0.tssa,component ablation,"static;+moment;+temporal;+channel;+low_rank;+backoff;full",128 train batches,full validation,component delta,"static aligned baseline",each component has reported delta and no unregistered tuning,TBD,TCSLU necessity
ablation,semantic_address_controls,planned,QKFormer,CIFAR-100,1,stage1.0.tssa,address ablation,"aligned;shuffled;token_channel;global;same_size_random",128 train batches,full validation,aligned-vs-control gap,"same capacity controls",aligned beats shuffled/token on local fidelity and does not lose to them in Acc drop,TBD,semantic address necessity
robustness,calib_subset_robustness,planned,QKFormer,CIFAR-100,1,stage1.0.tssa,robustness,"three fixed calibration subsets",128 train batches each,full validation,worst-case drop,"same method across subsets",TCSLU worst case remains within registered gate,TBD,calibration robustness
robustness,support_threshold_robustness,planned,QKFormer,CIFAR-100,1,stage1.0.tssa,robustness,"min_support 1;2;4",fixed train batches,full validation,drop/hit/fallback tradeoff,"same methods for every threshold",report all thresholds without test selection,TBD,support sensitivity
robustness,mild_corruption,planned,QKFormer,CIFAR-100,1,stage1.0.tssa,robustness,"noise;brightness severity 1/2",128 train batches,corrupted validation,hit-rate drift + spike-rate drift,"clean validation baseline",TCSLU degrades more gracefully than static LUT,TBD,input robustness
generalization,cifar10_dvs_optional,optional,CIFAR10-DVS model,CIFAR10-DVS,TBD,TBD,event generalization,"static;moment;TCSLU",TBD,TBD,Acc drop + spike-rate drift,"static LUT",only run if loader and pretrained/evaluable model are stable,TBD,event-data generalization
